LikeID,PostID,UserID,Like_Date
1,21,998,2024-11-29
2,676,871,2024-04-17
3,501,487,2024-10-09
4,775,902,2024-04-19
5,166,960,2025-01-14
6,538,658,2024-08-03
7,806,247,2024-09-22
8,813,369,2024-12-06
9,651,726,2024-11-14
10,762,780,2024-12-25
11,891,935,2024-02-19
12,411,424,2025-01-09
13,812,866,2025-01-23
14,946,40,2024-07-11
15,65,458,2024-12-24
16,571,88,2024-03-01
17,671,617,2024-11-01
18,21,960,2025-01-04
19,761,248,2024-11-15
20,59,321,2024-03-29
21,967,143,2024-07-18
22,751,581,2024-04-15
23,82,425,2024-11-01
24,553,272,2024-07-08
25,634,816,2024-02-22
26,68,401,2024-02-27
27,166,732,2024-07-15
28,733,917,2024-06-08
29,598,631,2024-08-19
30,146,389,2025-01-14
31,376,171,2024-02-17
32,184,193,2024-06-19
33,505,613,2024-04-09
34,863,993,2025-01-20
35,250,614,2024-09-30
36,252,357,2024-04-22
37,151,484,2024-10-01
38,810,989,2024-09-10
39,757,704,2024-03-28
40,622,887,2024-12-31
41,550,565,2024-08-04
42,371,253,2024-09-07
43,593,232,2024-12-26
44,924,162,2024-06-16
45,201,52,2025-01-22
46,21,526,2024-06-01
47,485,93,2025-01-25
48,309,69,2024-08-19
49,465,310,2024-06-26
50,560,88,2024-03-22
51,731,645,2024-07-24
52,799,158,2024-02-10
53,529,602,2024-09-10
54,238,402,2024-10-18
55,394,923,2024-08-11
56,799,830,2024-12-16
57,908,683,2024-05-21
58,662,633,2025-01-20
59,868,371,2024-11-18
60,427,192,2024-08-31
61,179,893,2024-09-03
62,184,879,2024-06-27
63,156,76,2024-05-31
64,737,923,2024-05-12
65,856,899,2024-09-06
66,129,720,2024-08-23
67,962,410,2024-09-13
68,632,250,2024-07-02
69,768,966,2025-01-29
70,724,425,2024-09-10
71,532,3,2024-11-07
72,774,826,2024-11-18
73,566,704,2024-02-21
74,706,903,2024-09-06
75,670,793,2024-09-24
76,359,56,2024-08-19
77,839,959,2024-03-26
78,178,887,2024-09-22
79,461,645,2024-11-02
80,136,350,2024-11-06
81,198,789,2024-03-13
82,806,723,2024-06-05
83,967,266,2024-06-13
84,847,146,2025-02-01
85,640,238,2024-02-17
86,218,967,2024-05-30
87,439,216,2024-06-20
88,600,811,2025-01-02
89,335,607,2024-02-29
90,788,781,2024-05-29
91,394,610,2024-12-13
92,246,570,2025-02-06
93,520,326,2024-03-13
94,112,77,2024-09-13
95,826,257,2024-06-01
96,179,645,2024-08-01
97,236,106,2024-09-20
98,990,402,2024-08-09
99,909,335,2024-03-01
100,437,899,2025-01-08
101,42,784,2024-11-02
102,438,367,2024-10-21
103,1000,690,2024-12-26
104,901,163,2024-08-01
105,204,162,2024-04-17
106,689,984,2024-08-14
107,706,248,2024-10-19
108,485,953,2024-03-23
109,266,940,2024-06-16
110,136,810,2024-06-28
111,344,113,2024-02-26
112,149,930,2025-01-22
113,889,354,2024-02-29
114,508,711,2024-12-04
115,542,306,2025-01-11
116,534,571,2024-09-25
117,970,778,2024-05-26
118,919,823,2024-09-19
119,86,60,2024-02-18
120,87,675,2024-12-27
121,480,795,2024-09-14
122,582,840,2025-01-13
123,988,704,2024-12-02
124,218,840,2024-12-01
125,160,624,2024-08-09
126,148,790,2024-07-17
127,6,782,2024-09-20
128,379,387,2024-11-04
129,777,830,2024-09-27
130,75,108,2024-12-17
131,59,505,2024-07-30
132,983,29,2024-11-18
133,385,260,2024-06-21
134,224,205,2024-09-26
135,386,300,2024-06-11
136,294,754,2024-04-28
137,754,207,2024-08-18
138,811,515,2024-05-24
139,422,430,2024-03-30
140,400,223,2024-05-19
141,912,163,2024-07-09
142,985,235,2024-03-15
143,342,121,2024-09-08
144,540,381,2024-05-14
145,330,681,2024-11-23
146,365,76,2024-10-23
147,435,764,2025-01-17
148,251,561,2024-05-17
149,23,425,2024-10-02
150,877,855,2024-05-10
151,855,834,2024-02-29
152,331,262,2024-08-26
153,814,382,2024-12-26
154,40,904,2024-09-22
155,819,470,2025-01-15
156,795,397,2024-07-31
157,688,776,2024-06-16
158,446,387,2024-11-27
159,738,935,2024-04-23
160,450,335,2024-09-06
161,157,556,2024-12-16
162,989,379,2024-07-30
163,7,204,2024-08-10
164,121,64,2024-11-11
165,895,915,2024-05-09
166,654,297,2024-08-08
167,73,566,2024-05-09
168,617,401,2024-04-01
169,497,392,2024-07-09
170,32,602,2024-05-07
171,281,360,2024-05-20
172,792,945,2024-09-13
173,223,7,2024-02-10
174,276,836,2024-05-05
175,651,193,2024-05-06
176,810,661,2024-07-24
177,203,365,2024-07-06
178,52,606,2025-01-25
179,613,225,2024-07-11
180,86,922,2024-08-27
181,135,820,2024-05-23
182,881,861,2025-01-24
183,805,898,2024-10-06
184,311,207,2024-03-17
185,202,358,2024-04-03
186,703,404,2024-09-17
187,709,228,2024-03-22
188,534,358,2025-02-02
189,897,65,2024-06-06
190,53,721,2025-01-17
191,244,628,2024-03-14
192,359,731,2024-05-05
193,513,246,2024-05-12
194,387,930,2024-11-17
195,894,392,2024-06-30
196,387,885,2024-02-26
197,639,396,2024-10-17
198,673,202,2024-06-20
199,372,961,2024-06-08
200,734,675,2024-12-21
201,847,176,2024-09-26
202,807,415,2024-03-22
203,576,290,2024-07-17
204,240,971,2024-03-15
205,81,1000,2024-08-06
206,595,745,2024-06-25
207,372,482,2024-06-13
208,115,889,2024-08-21
209,129,165,2024-12-22
210,806,268,2024-07-18
211,148,522,2024-11-18
212,633,905,2024-12-14
213,996,565,2025-01-22
214,381,589,2024-02-11
215,939,701,2024-04-11
216,871,619,2024-08-05
217,253,220,2024-08-12
218,332,681,2024-03-04
219,563,321,2024-09-23
220,419,422,2024-09-03
221,450,699,2024-09-21
222,548,290,2024-03-01
223,514,65,2024-03-19
224,368,918,2024-07-09
225,832,930,2024-10-17
226,159,49,2025-01-11
227,627,187,2024-10-17
228,981,780,2024-09-27
229,588,620,2024-07-14
230,995,514,2024-09-05
231,595,541,2024-12-07
232,496,125,2024-06-20
233,759,784,2024-03-09
234,121,598,2024-08-15
235,495,832,2024-05-27
236,152,786,2024-02-14
237,445,507,2025-01-23
238,327,117,2024-10-10
239,483,236,2024-03-11
240,245,109,2024-07-17
241,211,883,2024-06-15
242,984,502,2024-11-12
243,994,207,2024-09-25
244,69,275,2024-03-15
245,970,803,2024-06-12
246,177,135,2025-01-09
247,116,178,2024-04-10
248,152,728,2025-01-04
249,547,3,2024-04-04
250,534,1,2024-02-11
251,177,95,2024-03-22
252,868,399,2024-09-08
253,864,914,2024-11-11
254,675,303,2025-01-12
255,197,302,2025-01-05
256,742,65,2024-11-30
257,880,563,2024-04-09
258,333,550,2024-06-02
259,917,75,2024-12-02
260,814,685,2025-01-03
261,879,521,2024-07-14
262,117,108,2024-02-28
263,492,245,2024-07-04
264,903,184,2024-11-02
265,613,619,2024-06-16
266,835,996,2024-05-08
267,523,258,2024-03-01
268,251,261,2024-12-03
269,630,410,2024-06-12
270,780,961,2024-07-30
271,984,404,2024-07-05
272,944,740,2024-11-06
273,697,722,2024-02-26
274,46,445,2024-04-03
275,206,738,2024-09-26
276,744,459,2025-01-21
277,535,299,2024-08-09
278,201,632,2024-11-20
279,576,358,2024-12-20
280,937,180,2024-04-25
281,145,117,2024-03-13
282,449,544,2024-11-04
283,555,872,2024-07-04
284,264,855,2024-05-25
285,660,269,2024-10-03
286,190,925,2024-12-14
287,340,196,2024-07-24
288,800,390,2024-11-28
289,96,463,2024-05-28
290,656,596,2024-03-29
291,933,853,2024-05-19
292,540,842,2024-09-19
293,308,646,2024-04-19
294,848,561,2024-06-05
295,428,90,2024-10-27
296,759,630,2024-04-13
297,464,356,2024-02-22
298,769,369,2024-07-13
299,818,315,2024-06-12
300,63,237,2024-06-13
301,442,96,2024-11-13
302,915,670,2024-02-29
303,441,948,2024-06-10
304,107,318,2024-03-01
305,701,258,2025-01-30
306,603,231,2024-06-26
307,77,57,2024-04-11
308,808,250,2025-01-02
309,272,106,2024-05-21
310,157,672,2024-10-01
311,281,958,2024-05-27
312,832,19,2024-02-20
313,728,739,2025-01-07
314,621,557,2024-10-14
315,577,146,2024-04-08
316,892,894,2024-03-05
317,170,662,2024-12-30
318,478,118,2024-06-16
319,668,545,2024-12-24
320,523,523,2025-01-01
321,131,242,2024-10-08
322,805,578,2024-11-13
323,459,16,2024-07-12
324,457,433,2024-06-03
325,349,786,2024-08-06
326,700,365,2024-06-13
327,382,222,2024-10-08
328,838,221,2024-02-23
329,868,327,2024-12-21
330,881,126,2024-03-30
331,283,391,2024-09-06
332,21,376,2024-08-28
333,438,437,2024-02-11
334,500,334,2024-05-12
335,858,802,2025-01-17
336,770,493,2024-07-02
337,511,945,2024-09-14
338,938,225,2024-07-23
339,53,758,2024-05-05
340,244,710,2024-04-25
341,986,521,2024-09-27
342,371,72,2024-10-06
343,355,255,2024-05-24
344,966,413,2024-04-21
345,727,74,2025-01-10
346,906,149,2024-03-09
347,39,636,2025-01-10
348,35,749,2024-11-01
349,286,954,2024-05-01
350,199,854,2024-06-15
351,885,426,2024-08-22
352,257,787,2024-06-18
353,149,524,2024-02-19
354,813,974,2024-11-23
355,383,229,2024-05-01
356,381,460,2024-10-31
357,214,286,2024-08-15
358,354,7,2025-01-13
359,79,235,2024-03-18
360,53,899,2024-08-26
361,228,75,2024-05-14
362,738,909,2024-10-13
363,154,279,2024-03-16
364,513,792,2024-05-04
365,872,938,2024-03-23
366,240,732,2024-09-07
367,875,652,2024-05-24
368,728,493,2024-02-19
369,177,727,2024-04-10
370,676,578,2024-04-24
371,333,364,2024-09-19
372,99,334,2024-10-06
373,517,332,2024-12-04
374,248,708,2024-05-04
375,349,957,2025-01-08
376,797,179,2024-11-23
377,724,155,2025-02-03
378,447,750,2024-08-17
379,937,462,2024-02-14
380,717,337,2024-10-20
381,436,319,2024-04-12
382,827,137,2024-11-10
383,681,106,2024-12-21
384,317,361,2024-08-27
385,329,593,2024-09-29
386,759,586,2024-03-26
387,912,550,2024-02-23
388,885,745,2024-06-04
389,407,659,2024-09-14
390,160,168,2025-01-25
391,266,732,2024-08-26
392,424,966,2024-09-14
393,412,223,2024-04-25
394,700,738,2024-11-01
395,930,466,2024-08-30
396,439,487,2024-11-16
397,975,946,2024-04-07
398,351,848,2024-05-03
399,102,837,2024-07-13
400,463,439,2024-10-18
401,243,95,2024-04-14
402,568,783,2024-08-17
403,38,719,2024-06-21
404,49,523,2024-10-04
405,237,650,2024-11-01
406,870,484,2024-10-24
407,63,814,2024-02-26
408,66,308,2025-01-24
409,350,538,2024-11-20
410,604,191,2024-09-14
411,683,492,2024-11-06
412,337,445,2024-03-18
413,942,504,2024-12-27
414,539,264,2024-08-20
415,150,857,2024-11-26
416,543,95,2024-06-08
417,507,281,2024-09-25
418,333,452,2024-09-25
419,477,31,2024-12-14
420,574,966,2025-01-05
421,57,386,2024-10-23
422,742,830,2024-11-12
423,909,714,2024-06-07
424,574,841,2024-12-20
425,831,946,2024-10-15
426,958,437,2024-08-23
427,34,147,2024-06-15
428,491,332,2024-08-20
429,138,851,2024-10-20
430,995,918,2024-11-03
431,813,297,2025-02-02
432,867,409,2024-12-09
433,586,824,2024-09-22
434,322,839,2025-01-27
435,207,68,2025-02-06
436,511,693,2024-12-05
437,126,789,2025-01-23
438,273,111,2024-03-09
439,895,897,2024-04-04
440,608,997,2025-01-28
441,948,686,2024-05-29
442,533,676,2024-04-29
443,254,894,2024-09-05
444,312,893,2024-05-21
445,926,101,2024-12-13
446,907,711,2024-03-13
447,659,600,2024-05-27
448,776,98,2024-10-27
449,970,80,2024-03-06
450,513,526,2024-06-01
451,553,602,2024-08-21
452,836,198,2024-10-24
453,468,867,2024-12-28
454,5,340,2024-09-19
455,215,884,2025-01-22
456,641,129,2024-06-20
457,970,591,2024-03-07
458,740,383,2024-07-19
459,178,876,2024-09-29
460,924,765,2025-01-09
461,583,140,2024-07-29
462,407,109,2024-06-29
463,122,481,2024-02-10
464,241,954,2024-10-31
465,651,522,2024-04-21
466,170,673,2024-02-22
467,158,399,2024-10-30
468,60,121,2025-02-06
469,804,414,2024-11-04
470,614,92,2024-08-27
471,510,561,2024-03-24
472,732,356,2024-10-01
473,528,503,2025-01-15
474,928,480,2024-02-12
475,757,953,2024-04-26
476,605,959,2024-12-13
477,618,337,2025-01-03
478,579,683,2024-07-10
479,447,335,2024-04-28
480,743,468,2024-05-05
481,417,144,2024-12-25
482,773,589,2024-06-19
483,697,30,2024-11-17
484,567,684,2024-06-04
485,796,512,2024-08-22
486,737,26,2024-09-26
487,503,559,2024-05-21
488,44,138,2024-03-07
489,459,156,2024-08-22
490,351,646,2024-12-26
491,752,507,2024-07-26
492,783,525,2025-01-13
493,936,832,2024-04-21
494,78,395,2024-08-15
495,616,161,2024-10-27
496,973,361,2024-07-05
497,380,174,2024-12-14
498,224,106,2024-09-22
499,33,768,2024-06-21
500,419,995,2024-05-09
501,700,514,2024-04-17
502,405,952,2024-05-17
503,776,847,2025-01-24
504,879,1,2024-04-04
505,453,912,2024-02-29
506,178,175,2024-12-27
507,611,290,2024-08-05
508,536,712,2024-09-19
509,620,578,2024-05-03
510,111,770,2024-07-22
511,113,940,2024-09-18
512,44,78,2024-03-29
513,372,886,2025-01-05
514,715,753,2024-10-23
515,782,639,2025-01-08
516,581,786,2024-02-26
517,254,741,2024-12-01
518,516,654,2024-08-04
519,525,76,2024-05-09
520,916,681,2024-10-12
521,878,276,2024-04-23
522,618,344,2024-07-23
523,399,212,2025-01-02
524,134,974,2024-08-05
525,808,997,2025-01-22
526,450,452,2024-05-15
527,718,435,2024-11-30
528,99,593,2024-08-26
529,100,420,2024-08-20
530,200,488,2024-10-18
531,766,82,2024-10-17
532,723,789,2024-04-07
533,482,283,2024-08-15
534,298,255,2024-10-16
535,255,625,2024-04-09
536,436,236,2024-11-28
537,810,509,2024-03-27
538,304,884,2024-03-30
539,302,27,2024-10-03
540,474,549,2024-08-18
541,157,382,2024-06-01
542,458,856,2024-12-14
543,768,535,2025-01-23
544,969,835,2024-05-19
545,889,201,2024-10-22
546,914,464,2024-04-19
547,1000,723,2024-08-24
548,775,632,2024-08-11
549,651,285,2024-03-28
550,245,441,2024-04-06
551,49,184,2024-11-14
552,346,843,2024-10-28
553,653,731,2024-08-18
554,622,938,2025-01-09
555,917,792,2024-12-25
556,429,790,2024-11-07
557,667,610,2024-03-12
558,56,139,2024-06-04
559,18,729,2024-10-07
560,324,378,2024-08-03
561,540,608,2024-05-24
562,276,429,2024-08-15
563,155,709,2024-08-22
564,481,309,2024-05-05
565,325,413,2024-05-13
566,595,212,2024-02-24
567,265,215,2024-09-28
568,472,796,2024-10-08
569,131,142,2024-10-05
570,431,536,2024-07-25
571,781,466,2024-09-08
572,980,981,2024-11-04
573,867,136,2024-07-10
574,418,988,2024-12-13
575,218,366,2024-08-09
576,375,267,2024-08-02
577,333,176,2024-05-02
578,3,87,2024-11-13
579,222,923,2024-11-05
580,958,102,2024-12-11
581,866,398,2024-10-02
582,224,259,2024-10-16
583,789,310,2024-04-27
584,605,378,2024-11-10
585,731,177,2024-05-12
586,657,592,2024-08-03
587,973,345,2024-04-30
588,829,969,2024-07-14
589,156,879,2025-01-16
590,986,192,2024-12-03
591,714,918,2024-03-22
592,274,702,2025-01-23
593,654,916,2024-08-17
594,831,695,2024-10-14
595,80,567,2024-10-08
596,490,15,2024-03-03
597,234,995,2024-12-22
598,208,451,2024-05-12
599,970,908,2024-08-06
600,977,771,2025-01-08
601,770,294,2024-05-09
602,853,652,2024-03-15
603,840,782,2024-11-25
604,339,465,2024-09-11
605,356,240,2024-12-01
606,232,653,2024-05-29
607,977,806,2024-05-21
608,492,865,2024-07-30
609,284,86,2024-06-18
610,496,90,2024-09-19
611,712,4,2024-02-28
612,266,577,2024-11-14
613,643,816,2024-08-21
614,580,665,2024-02-29
615,979,429,2025-01-29
616,600,104,2024-05-12
617,214,754,2024-03-25
618,520,82,2024-04-04
619,109,477,2024-03-30
620,735,460,2024-02-22
621,371,251,2024-05-26
622,474,556,2024-09-08
623,604,338,2024-07-31
624,75,828,2025-01-09
625,727,526,2024-09-23
626,874,628,2024-08-18
627,599,713,2024-08-21
628,193,304,2025-01-22
629,288,371,2024-10-03
630,189,956,2024-09-11
631,385,209,2024-05-16
632,727,797,2024-06-29
633,296,985,2025-02-06
634,389,611,2024-09-30
635,632,106,2024-09-28
636,507,892,2024-11-13
637,937,618,2024-03-12
638,552,325,2024-11-11
639,216,311,2024-06-17
640,940,267,2024-10-24
641,546,333,2024-12-31
642,946,104,2025-01-28
643,193,900,2024-03-06
644,546,541,2024-03-31
645,726,634,2024-02-29
646,729,644,2024-06-15
647,935,875,2024-06-22
648,526,376,2024-03-22
649,594,117,2024-09-26
650,574,377,2024-07-06
651,944,808,2024-02-24
652,167,159,2024-05-30
653,823,445,2024-11-21
654,151,293,2024-12-31
655,539,511,2024-06-05
656,894,199,2024-02-18
657,851,487,2024-06-27
658,362,730,2024-09-23
659,664,493,2024-11-17
660,443,211,2024-02-14
661,270,131,2024-08-11
662,452,490,2024-05-12
663,406,78,2024-07-22
664,936,202,2024-05-04
665,91,20,2024-11-01
666,68,225,2024-10-30
667,188,740,2024-05-11
668,109,970,2024-05-07
669,221,431,2024-04-05
670,725,824,2024-10-20
671,36,361,2024-10-28
672,749,448,2024-05-04
673,995,343,2024-04-28
674,503,272,2024-07-08
675,694,500,2024-08-18
676,887,167,2025-01-26
677,230,544,2024-10-05
678,571,110,2024-08-31
679,591,59,2024-05-04
680,453,752,2024-05-30
681,552,189,2024-12-18
682,388,564,2024-11-08
683,143,900,2024-08-27
684,557,87,2024-05-27
685,641,654,2024-09-25
686,763,208,2024-06-15
687,336,806,2024-03-23
688,302,682,2024-12-23
689,847,746,2024-09-08
690,486,693,2024-09-19
691,132,357,2024-03-27
692,219,292,2024-07-25
693,799,482,2024-11-22
694,191,791,2024-09-16
695,399,539,2024-10-28
696,494,998,2024-12-27
697,444,225,2024-11-30
698,658,478,2024-10-30
699,787,344,2024-08-10
700,985,460,2024-05-06
701,378,377,2024-12-27
702,13,859,2024-10-22
703,934,682,2024-09-06
704,271,954,2024-06-10
705,190,224,2024-06-18
706,182,531,2024-10-15
707,54,923,2024-12-05
708,906,639,2024-04-24
709,419,448,2024-03-01
710,45,40,2024-05-12
711,585,433,2025-01-09
712,769,549,2024-06-10
713,668,600,2024-10-13
714,605,217,2024-08-17
715,923,929,2025-02-01
716,96,381,2024-09-14
717,773,561,2025-01-14
718,223,661,2024-10-05
719,298,3,2024-10-14
720,359,225,2024-05-27
721,500,136,2024-08-24
722,370,298,2024-06-12
723,183,550,2024-07-10
724,625,393,2024-09-09
725,772,970,2024-07-10
726,708,598,2024-02-14
727,110,427,2024-12-19
728,162,735,2025-01-28
729,599,600,2024-02-24
730,413,53,2024-09-27
731,490,897,2024-05-03
732,390,3,2024-06-04
733,907,405,2024-04-28
734,35,726,2024-07-31
735,771,552,2024-11-10
736,841,627,2024-04-19
737,171,372,2024-06-18
738,218,599,2024-06-30
739,76,641,2024-07-13
740,205,635,2024-05-05
741,305,183,2024-04-17
742,743,569,2024-11-23
743,768,540,2024-06-08
744,129,842,2024-04-15
745,140,243,2024-12-16
746,104,737,2024-07-18
747,48,562,2024-05-02
748,969,196,2024-07-15
749,17,766,2024-11-02
750,290,564,2024-04-26
751,25,922,2024-08-14
752,483,854,2024-07-02
753,234,461,2024-02-27
754,29,614,2024-08-12
755,247,355,2024-11-16
756,637,518,2024-09-05
757,499,712,2024-06-24
758,482,401,2024-07-09
759,722,169,2024-06-10
760,391,105,2024-07-17
761,586,824,2024-07-08
762,393,534,2024-03-05
763,805,723,2024-08-16
764,707,690,2024-03-21
765,495,312,2024-02-14
766,844,435,2024-06-10
767,869,221,2025-01-06
768,453,716,2024-04-14
769,619,76,2024-07-03
770,484,516,2024-08-02
771,541,367,2024-11-24
772,550,406,2024-09-02
773,748,766,2025-01-18
774,784,29,2025-01-07
775,16,961,2024-08-30
776,556,313,2024-04-03
777,979,825,2024-04-09
778,161,912,2024-08-02
779,368,16,2024-05-24
780,708,77,2024-03-28
781,218,326,2024-11-18
782,627,761,2024-03-08
783,51,572,2024-12-21
784,624,501,2024-07-23
785,568,8,2024-03-01
786,465,730,2024-11-14
787,621,787,2024-10-07
788,389,348,2024-09-07
789,426,428,2024-05-12
790,999,412,2024-08-13
791,992,817,2024-10-19
792,87,465,2024-09-08
793,935,403,2024-08-05
794,137,56,2024-02-23
795,466,311,2024-03-04
796,503,686,2024-12-13
797,232,377,2024-06-28
798,649,21,2025-01-08
799,902,974,2024-06-19
800,627,409,2024-12-23
801,564,362,2024-11-25
802,7,625,2024-04-06
803,903,297,2025-01-08
804,13,554,2024-03-05
805,221,13,2024-11-18
806,470,681,2024-03-05
807,916,653,2024-04-02
808,480,321,2024-02-28
809,678,399,2024-10-14
810,255,676,2024-10-17
811,760,732,2024-12-02
812,610,681,2024-11-30
813,529,71,2024-07-24
814,34,367,2024-08-31
815,782,830,2024-07-03
816,827,473,2024-09-30
817,937,699,2024-06-03
818,655,893,2024-11-16
819,177,391,2024-07-14
820,878,40,2024-10-10
821,334,212,2024-06-14
822,161,302,2024-12-08
823,475,206,2024-12-17
824,625,983,2024-05-22
825,475,220,2024-03-31
826,146,246,2024-12-31
827,659,81,2024-10-21
828,249,138,2025-01-12
829,216,555,2024-07-30
830,251,351,2024-02-19
831,26,284,2025-01-09
832,44,247,2024-10-16
833,152,476,2024-09-01
834,758,240,2024-06-08
835,633,227,2024-11-29
836,387,606,2025-01-19
837,377,673,2024-12-19
838,403,922,2024-07-13
839,856,744,2025-01-19
840,148,571,2024-04-16
841,568,744,2024-08-27
842,245,241,2024-05-29
843,473,917,2024-11-30
844,247,156,2024-07-15
845,471,439,2025-01-04
846,381,439,2025-01-16
847,268,309,2024-09-26
848,277,391,2024-11-28
849,664,467,2024-08-31
850,614,678,2024-04-22
851,68,455,2024-05-22
852,702,824,2025-01-15
853,340,550,2024-11-22
854,924,462,2024-06-14
855,902,669,2024-03-27
856,484,82,2024-06-17
857,768,455,2024-04-02
858,239,94,2024-07-30
859,15,437,2024-05-05
860,200,413,2024-12-09
861,231,795,2024-04-08
862,135,696,2024-07-05
863,76,564,2025-01-20
864,522,71,2024-06-11
865,453,481,2024-10-05
866,615,730,2024-12-30
867,203,168,2024-04-27
868,705,643,2024-05-11
869,91,647,2024-07-16
870,961,606,2024-07-09
871,309,991,2024-11-23
872,670,337,2024-07-04
873,651,516,2025-01-10
874,705,810,2024-09-01
875,771,3,2024-07-05
876,395,650,2024-04-07
877,933,45,2024-03-06
878,686,551,2024-06-26
879,989,831,2025-02-05
880,809,163,2024-04-28
881,583,337,2025-01-09
882,180,286,2025-01-26
883,38,33,2024-11-11
884,427,904,2024-04-06
885,257,123,2024-09-21
886,544,313,2024-06-23
887,588,199,2024-02-20
888,41,67,2024-11-21
889,380,960,2024-12-24
890,600,291,2024-02-20
891,315,492,2025-01-16
892,341,389,2024-04-10
893,258,574,2024-12-09
894,321,460,2024-04-12
895,535,144,2024-03-20
896,891,592,2024-10-22
897,657,234,2024-06-04
898,733,209,2024-08-08
899,911,872,2024-12-05
900,313,582,2024-04-07
901,868,637,2024-04-02
902,739,710,2025-01-10
903,510,656,2024-06-30
904,83,327,2024-04-22
905,253,851,2024-05-03
906,267,392,2024-12-19
907,532,89,2024-08-18
908,104,678,2024-09-06
909,414,382,2024-11-11
910,682,148,2024-10-14
911,105,90,2024-07-18
912,159,93,2024-04-27
913,347,150,2024-03-04
914,223,300,2025-01-29
915,524,268,2024-02-11
916,387,594,2025-01-26
917,577,388,2024-05-23
918,402,40,2024-03-27
919,753,536,2025-01-19
920,864,251,2024-07-01
921,402,377,2024-06-15
922,68,559,2024-03-16
923,576,580,2024-04-14
924,440,849,2025-01-25
925,512,89,2024-04-17
926,105,374,2024-12-09
927,407,723,2024-06-16
928,717,414,2024-10-05
929,314,363,2024-11-30
930,751,446,2024-12-21
931,461,88,2024-11-17
932,93,726,2024-10-07
933,995,972,2024-12-19
934,16,745,2024-09-29
935,373,316,2024-03-12
936,615,25,2024-05-29
937,702,234,2024-11-14
938,113,193,2024-06-28
939,713,150,2024-12-17
940,829,172,2024-11-12
941,6,352,2024-12-29
942,309,465,2024-10-26
943,736,4,2024-11-21
944,380,351,2024-02-27
945,650,546,2024-06-26
946,452,845,2025-01-10
947,732,133,2024-11-20
948,363,935,2024-11-29
949,853,728,2024-03-15
950,56,792,2024-12-29
951,274,773,2024-11-04
952,483,826,2024-12-10
953,806,296,2025-01-10
954,200,684,2024-05-11
955,759,806,2024-05-02
956,444,663,2024-04-24
957,214,785,2024-11-09
958,378,490,2024-03-05
959,759,834,2024-05-14
960,708,401,2024-08-21
961,566,735,2024-11-10
962,350,837,2024-07-29
963,825,39,2024-02-26
964,356,473,2025-01-06
965,3,180,2024-02-11
966,251,178,2024-08-22
967,339,202,2024-09-23
968,752,794,2024-07-30
969,89,9,2024-09-30
970,185,589,2024-06-28
971,162,452,2024-07-31
972,173,336,2024-12-02
973,178,100,2024-02-21
974,980,795,2024-10-26
975,766,828,2025-01-20
976,539,43,2024-10-25
977,823,678,2024-10-04
978,949,781,2024-11-09
979,411,632,2024-06-15
980,257,182,2024-12-21
981,100,76,2024-06-01
982,225,735,2024-06-19
983,965,941,2024-07-11
984,322,33,2024-11-12
985,734,405,2024-11-03
986,63,81,2024-05-10
987,884,471,2024-04-24
988,956,286,2024-10-28
989,791,153,2024-03-15
990,865,806,2024-04-26
991,892,674,2024-10-05
992,690,651,2024-07-01
993,45,494,2024-10-09
994,521,1,2024-08-04
995,514,250,2024-09-17
996,821,421,2024-08-21
997,590,248,2024-04-23
998,831,2,2024-06-24
999,821,942,2024-06-15
1000,42,639,2025-01-02
