FollowerID,FollowingUserID,FollowerUserID,Follow_Date
1,659,458,2024-12-07
2,697,676,2024-09-03
3,861,105,2024-04-21
4,893,853,2024-08-17
5,710,640,2024-02-20
6,677,69,2024-08-17
7,709,563,2024-02-17
8,537,161,2024-08-26
9,578,327,2024-05-02
10,868,482,2024-10-18
11,879,186,2024-06-02
12,258,282,2024-12-26
13,428,862,2024-08-07
14,304,683,2024-12-14
15,677,379,2024-03-05
16,351,698,2024-06-16
17,787,195,2024-08-16
18,529,486,2024-03-02
19,570,46,2024-08-27
20,320,652,2024-10-07
21,935,649,2024-04-04
22,9,234,2024-06-24
23,404,799,2024-11-07
24,60,267,2024-10-29
25,949,44,2024-04-14
26,946,737,2024-12-30
27,625,197,2024-08-14
28,217,293,2025-01-25
29,13,896,2024-06-23
30,336,423,2024-10-17
31,188,549,2024-10-08
32,905,808,2024-07-17
33,47,15,2025-01-27
34,287,7,2024-04-01
35,429,581,2024-06-08
36,952,848,2024-12-16
37,278,473,2024-05-28
38,548,873,2024-04-17
39,191,559,2024-11-21
40,709,646,2024-11-29
41,716,822,2024-12-04
42,749,409,2024-05-06
43,960,667,2024-03-18
44,323,212,2024-06-24
45,599,426,2024-10-23
46,940,300,2025-02-02
47,853,555,2024-07-23
48,347,480,2024-09-08
49,925,285,2024-08-28
50,897,604,2024-11-20
51,89,573,2024-07-20
52,140,57,2024-02-20
53,131,198,2024-04-22
54,227,746,2024-11-07
55,423,807,2024-06-12
56,598,40,2024-11-09
57,488,216,2024-05-16
58,209,73,2024-11-19
59,329,396,2024-09-06
60,632,363,2024-07-15
61,644,492,2024-09-26
62,250,351,2024-05-09
63,427,807,2024-05-26
64,57,391,2024-09-27
65,343,292,2024-09-26
66,979,845,2024-07-27
67,220,456,2024-12-25
68,742,676,2024-02-27
69,793,701,2024-03-15
70,604,424,2024-04-22
71,1,655,2024-05-30
72,392,208,2024-06-09
73,867,116,2024-04-18
74,452,769,2024-07-21
75,713,868,2024-10-21
76,80,533,2024-08-18
77,156,843,2024-08-02
78,134,868,2024-12-18
79,228,336,2025-01-19
80,342,414,2024-09-12
81,345,909,2024-05-24
82,295,506,2024-08-02
83,105,594,2024-09-19
84,156,928,2024-07-17
85,709,646,2024-11-04
86,143,484,2024-10-24
87,806,999,2024-07-26
88,270,560,2024-12-28
89,660,236,2025-01-19
90,566,19,2025-01-22
91,385,112,2024-07-16
92,325,481,2024-06-16
93,130,198,2024-07-08
94,207,222,2024-12-22
95,417,788,2024-05-09
96,512,41,2024-08-10
97,80,453,2024-10-31
98,227,561,2024-12-08
99,85,659,2024-08-04
100,173,545,2024-03-10
101,37,320,2024-12-18
102,648,71,2024-11-02
103,175,341,2024-02-09
104,329,429,2024-03-11
105,678,503,2024-07-11
106,238,388,2024-02-27
107,621,793,2024-03-15
108,468,508,2024-10-16
109,126,886,2024-04-18
110,463,748,2024-04-02
111,533,995,2024-04-19
112,352,486,2024-12-18
113,408,428,2024-10-05
114,689,260,2024-10-30
115,318,309,2024-04-17
116,525,662,2024-04-13
117,9,802,2025-01-05
118,621,244,2025-01-04
119,38,702,2024-02-11
120,836,456,2024-10-27
121,838,535,2024-09-22
122,69,148,2024-10-04
123,93,624,2024-11-07
124,278,757,2024-02-13
125,836,936,2025-01-17
126,730,57,2024-12-08
127,465,945,2024-12-31
128,162,471,2024-07-14
129,708,433,2024-07-22
130,176,618,2024-11-12
131,687,736,2024-08-15
132,375,802,2024-10-04
133,307,981,2024-03-09
134,810,797,2024-09-09
135,125,851,2024-05-14
136,939,90,2024-04-30
137,231,622,2024-06-06
138,533,967,2024-07-11
139,404,196,2024-12-06
140,110,808,2024-05-31
141,929,400,2024-09-09
142,20,803,2024-11-06
143,227,690,2024-05-26
144,216,584,2024-02-16
145,195,392,2024-03-15
146,568,744,2024-03-29
147,100,377,2024-05-07
148,88,61,2024-12-06
149,168,656,2024-07-30
150,594,398,2024-07-11
151,702,279,2024-03-04
152,956,789,2024-12-16
153,451,158,2024-02-18
154,861,940,2024-07-11
155,237,285,2024-06-23
156,388,413,2024-03-26
157,794,389,2024-02-13
158,878,11,2025-02-02
159,908,832,2024-07-21
160,686,756,2024-03-11
161,674,578,2024-05-01
162,39,246,2024-03-25
163,501,298,2024-12-24
164,602,1000,2024-06-25
165,397,607,2024-10-26
166,694,607,2024-09-05
167,429,634,2025-01-03
168,537,381,2024-08-14
169,700,55,2024-03-09
170,596,811,2024-07-19
171,399,90,2024-07-13
172,753,247,2024-07-03
173,381,447,2024-03-26
174,73,421,2024-10-19
175,664,532,2024-12-15
176,762,617,2024-09-21
177,684,824,2024-09-14
178,897,271,2025-01-15
179,519,590,2025-01-06
180,901,192,2024-07-24
181,737,902,2024-03-27
182,135,148,2024-03-09
183,571,840,2024-07-03
184,407,10,2024-10-14
185,184,393,2024-07-19
186,568,623,2024-09-01
187,948,494,2024-11-02
188,533,207,2025-01-05
189,558,60,2024-09-03
190,670,442,2025-01-24
191,712,285,2024-11-11
192,720,158,2024-12-18
193,716,825,2024-08-15
194,466,181,2024-12-07
195,639,496,2024-02-19
196,547,716,2024-02-17
197,902,71,2024-05-05
198,175,55,2024-03-19
199,404,886,2024-08-14
200,103,332,2024-08-08
201,450,911,2024-08-23
202,372,4,2025-01-22
203,803,51,2024-02-12
204,580,836,2024-03-07
205,198,433,2024-11-16
206,129,871,2024-08-17
207,96,561,2024-11-29
208,947,482,2024-11-04
209,216,212,2024-08-30
210,126,42,2024-10-15
211,484,802,2024-09-27
212,488,395,2024-08-12
213,527,414,2024-04-09
214,466,268,2024-03-01
215,751,495,2024-09-28
216,100,492,2024-07-24
217,675,835,2024-09-18
218,295,636,2024-04-20
219,193,398,2024-04-06
220,598,505,2025-02-01
221,731,743,2024-03-07
222,902,218,2024-02-12
223,562,234,2024-05-17
224,922,986,2024-07-28
225,101,798,2024-12-22
226,540,377,2024-10-18
227,828,340,2024-07-01
228,425,860,2025-01-13
229,223,52,2025-01-13
230,381,487,2024-06-02
231,712,928,2024-12-20
232,655,606,2024-12-12
233,365,296,2025-01-13
234,771,643,2025-01-13
235,940,258,2025-01-07
236,440,581,2024-03-16
237,348,33,2025-02-06
238,245,505,2024-12-29
239,276,421,2024-05-09
240,411,548,2025-01-11
241,948,58,2024-09-22
242,749,634,2024-03-27
243,584,788,2024-07-11
244,601,551,2024-03-19
245,330,341,2025-01-28
246,782,645,2024-10-24
247,383,805,2025-01-03
248,913,199,2024-08-16
249,548,141,2024-09-01
250,482,995,2024-11-10
251,779,957,2025-01-31
252,92,172,2025-02-02
253,287,848,2024-04-07
254,652,234,2024-08-05
255,846,330,2024-03-25
256,295,998,2024-03-30
257,95,643,2024-07-23
258,667,298,2024-04-20
259,984,319,2024-12-30
260,291,703,2024-06-30
261,531,853,2024-12-12
262,237,53,2024-06-05
263,306,544,2024-06-16
264,914,42,2024-11-09
265,691,482,2024-08-04
266,543,780,2024-05-13
267,862,821,2024-09-30
268,370,229,2024-10-01
269,185,648,2024-09-11
270,176,185,2024-05-17
271,15,768,2024-03-12
272,978,830,2024-10-29
273,935,722,2024-03-09
274,290,153,2024-10-27
275,371,876,2024-02-15
276,745,932,2024-10-02
277,546,923,2024-06-21
278,32,20,2025-01-29
279,973,429,2024-06-12
280,838,950,2025-02-04
281,894,924,2024-03-27
282,853,321,2024-05-23
283,801,836,2024-06-16
284,23,22,2024-11-29
285,163,87,2025-01-16
286,683,987,2024-10-25
287,556,773,2024-08-01
288,827,790,2024-10-02
289,553,558,2024-04-15
290,511,143,2024-12-05
291,496,327,2024-10-19
292,516,364,2024-04-03
293,701,119,2024-11-05
294,533,571,2024-08-13
295,276,364,2024-07-01
296,785,658,2024-12-26
297,826,258,2024-03-20
298,479,198,2024-07-01
299,933,200,2024-12-19
300,63,701,2024-06-21
301,131,686,2024-03-05
302,629,764,2024-08-17
303,900,633,2025-01-30
304,94,220,2024-12-09
305,825,570,2024-06-14
306,348,730,2024-03-20
307,727,27,2024-03-26
308,998,707,2024-07-14
309,994,711,2024-04-03
310,701,856,2024-11-15
311,824,98,2024-12-20
312,1,288,2025-01-10
313,67,304,2024-09-21
314,274,107,2024-05-01
315,579,445,2024-10-05
316,558,498,2024-02-22
317,579,740,2024-11-25
318,692,746,2024-08-25
319,812,577,2024-08-10
320,265,498,2024-08-17
321,568,945,2024-05-16
322,585,216,2024-05-13
323,762,797,2024-11-17
324,85,650,2024-08-22
325,643,128,2024-04-28
326,436,474,2024-12-09
327,923,142,2024-02-17
328,643,226,2024-06-02
329,49,815,2024-03-20
330,109,966,2024-10-08
331,958,62,2024-04-02
332,206,233,2024-09-04
333,28,492,2024-06-14
334,660,200,2024-09-19
335,362,128,2024-04-07
336,749,836,2024-10-12
337,531,688,2024-06-06
338,1000,584,2024-04-11
339,922,944,2024-03-15
340,687,409,2024-05-25
341,181,231,2024-11-27
342,394,518,2024-12-26
343,166,47,2024-12-14
344,975,432,2024-04-14
345,543,124,2024-11-14
346,836,487,2024-12-22
347,637,207,2024-12-14
348,303,475,2024-03-14
349,733,174,2024-12-24
350,674,319,2024-03-11
351,177,610,2024-08-13
352,511,878,2024-12-04
353,171,816,2025-01-30
354,284,258,2024-12-30
355,30,512,2024-06-21
356,688,955,2024-06-24
357,900,94,2024-11-11
358,453,231,2024-10-21
359,609,348,2024-10-29
360,23,504,2024-12-28
361,809,720,2025-02-02
362,297,541,2024-03-16
363,885,989,2024-08-31
364,437,220,2024-11-08
365,114,782,2024-03-21
366,618,708,2025-01-02
367,348,563,2024-10-18
368,165,724,2024-09-04
369,871,475,2024-09-14
370,734,73,2024-12-01
371,417,73,2024-05-20
372,151,841,2024-06-28
373,841,102,2024-11-10
374,735,522,2024-04-17
375,284,760,2024-04-15
376,708,974,2024-07-10
377,485,923,2024-04-09
378,314,778,2024-06-20
379,633,167,2024-07-21
380,709,786,2024-11-28
381,595,266,2025-01-29
382,538,68,2024-05-22
383,810,853,2024-10-09
384,611,753,2024-11-26
385,584,531,2025-01-30
386,240,917,2024-03-25
387,258,391,2024-03-28
388,95,40,2025-01-24
389,598,777,2024-02-21
390,398,700,2024-12-17
391,748,824,2024-05-15
392,656,91,2024-03-19
393,328,335,2024-02-20
394,544,182,2024-02-08
395,844,260,2024-04-11
396,192,68,2024-02-12
397,339,209,2024-12-10
398,296,108,2024-03-23
399,575,958,2024-03-11
400,563,217,2025-01-28
401,98,876,2024-09-21
402,988,975,2024-07-03
403,340,467,2024-11-28
404,262,570,2024-12-22
405,976,273,2024-10-24
406,631,480,2024-05-19
407,306,156,2024-08-11
408,453,667,2024-06-12
409,923,553,2025-01-10
410,760,392,2024-08-28
411,567,541,2024-10-16
412,741,60,2025-01-21
413,629,695,2024-02-19
414,612,144,2024-10-27
415,830,809,2024-04-24
416,279,384,2024-05-14
417,459,584,2025-01-06
418,538,193,2024-11-13
419,674,543,2024-06-07
420,857,103,2024-11-09
421,67,366,2024-03-29
422,706,156,2024-04-27
423,671,208,2024-12-30
424,316,859,2024-05-16
425,210,529,2024-06-14
426,645,630,2024-09-20
427,311,742,2025-01-20
428,237,585,2024-08-06
429,611,134,2024-06-18
430,23,552,2024-02-18
431,611,753,2024-12-09
432,783,312,2025-01-20
433,82,118,2024-09-20
434,166,498,2024-06-28
435,861,237,2024-12-28
436,259,810,2024-05-26
437,743,266,2024-08-13
438,333,219,2024-09-13
439,687,681,2024-12-05
440,638,653,2024-05-11
441,725,380,2024-03-08
442,337,435,2025-02-02
443,242,657,2025-01-19
444,940,53,2024-08-24
445,166,83,2024-03-19
446,245,735,2024-12-04
447,890,117,2024-03-22
448,444,681,2024-10-25
449,635,195,2024-03-04
450,607,672,2025-01-21
451,368,345,2024-02-15
452,984,219,2024-05-16
453,244,6,2025-01-01
454,608,304,2024-06-07
455,922,328,2024-05-20
456,443,75,2024-11-21
457,669,699,2024-07-26
458,662,673,2025-01-26
459,590,480,2024-06-25
460,154,251,2025-01-23
461,523,119,2024-03-26
462,387,548,2024-08-01
463,942,884,2024-07-09
464,775,286,2024-12-07
465,96,540,2024-07-25
466,628,249,2024-04-11
467,246,180,2024-09-21
468,993,621,2024-04-02
469,440,274,2024-07-11
470,947,854,2024-05-17
471,436,437,2024-02-11
472,940,846,2024-06-25
473,254,640,2024-07-12
474,47,355,2024-05-24
475,530,698,2024-09-09
476,944,367,2024-06-21
477,108,651,2024-02-14
478,372,296,2024-07-05
479,874,380,2024-05-19
480,797,605,2024-12-20
481,697,811,2024-03-17
482,725,353,2024-08-22
483,402,653,2024-02-17
484,248,121,2024-11-05
485,962,706,2025-01-25
486,101,627,2024-09-12
487,6,194,2024-10-18
488,224,38,2024-08-16
489,7,866,2024-08-07
490,682,550,2025-01-21
491,398,541,2024-07-30
492,741,563,2024-03-15
493,789,526,2024-08-23
494,745,721,2024-03-12
495,275,872,2024-11-11
496,817,282,2024-11-12
497,642,424,2025-01-01
498,367,564,2024-02-27
499,794,322,2024-07-31
500,367,379,2024-09-29
501,746,334,2024-02-15
502,977,900,2024-10-24
503,543,567,2024-07-22
504,159,121,2025-01-14
505,524,174,2024-10-30
506,757,289,2024-12-27
507,276,490,2024-09-16
508,264,557,2024-06-03
509,815,219,2024-11-28
510,130,535,2024-07-05
511,337,275,2024-07-04
512,540,955,2024-07-20
513,688,17,2024-10-13
514,749,853,2025-01-01
515,132,801,2024-07-28
516,894,230,2024-09-10
517,640,106,2024-11-05
518,93,291,2024-07-30
519,833,665,2024-03-03
520,127,648,2024-10-12
521,33,23,2024-08-21
522,335,523,2024-05-29
523,131,565,2024-11-11
524,679,471,2024-05-04
525,293,748,2024-05-26
526,123,107,2024-11-17
527,979,344,2024-08-04
528,869,879,2024-11-30
529,863,226,2025-01-25
530,515,380,2024-11-22
531,591,957,2024-07-25
532,890,529,2024-09-27
533,547,683,2024-12-20
534,355,195,2024-08-16
535,278,16,2024-04-16
536,736,1,2024-09-06
537,48,735,2024-02-28
538,969,838,2024-08-22
539,177,389,2024-02-13
540,314,748,2024-08-24
541,696,900,2024-04-01
542,643,606,2024-05-14
543,691,410,2024-09-08
544,436,260,2024-08-01
545,684,773,2024-04-20
546,513,410,2025-01-01
547,754,860,2024-09-19
548,729,504,2024-02-13
549,205,852,2024-12-02
550,618,951,2024-12-08
551,425,394,2024-12-20
552,833,302,2024-07-16
553,235,462,2024-06-16
554,814,384,2024-03-28
555,377,895,2025-01-19
556,539,402,2024-02-11
557,294,21,2024-03-27
558,958,774,2024-11-12
559,89,787,2024-06-03
560,291,82,2024-03-30
561,216,125,2024-05-26
562,121,333,2024-08-27
563,906,194,2024-08-08
564,513,71,2024-08-10
565,699,1,2024-07-20
566,325,786,2024-10-14
567,339,981,2024-07-26
568,375,256,2024-10-27
569,853,383,2024-04-05
570,313,193,2024-02-21
571,4,923,2025-01-18
572,861,766,2024-11-16
573,724,705,2024-03-18
574,585,669,2024-06-27
575,369,40,2024-02-11
576,682,496,2024-03-20
577,787,53,2024-10-01
578,508,310,2024-09-12
579,494,875,2024-03-28
580,75,727,2024-12-31
581,999,538,2024-08-26
582,305,677,2024-05-06
583,98,139,2024-10-30
584,770,686,2024-04-09
585,83,628,2024-08-13
586,40,614,2024-04-15
587,968,163,2024-09-28
588,644,546,2025-01-19
589,428,662,2024-03-19
590,155,63,2024-11-21
591,72,783,2024-06-07
592,972,587,2024-07-11
593,639,44,2024-11-29
594,633,305,2024-08-16
595,95,826,2025-01-18
596,193,782,2024-09-25
597,945,744,2024-08-27
598,666,429,2024-09-01
599,900,192,2024-06-15
600,198,895,2024-09-07
601,79,541,2024-02-11
602,23,493,2024-07-26
603,132,477,2024-08-30
604,454,180,2024-05-06
605,573,518,2024-05-24
606,471,386,2024-10-26
607,696,538,2024-10-14
608,702,842,2024-08-05
609,728,963,2024-09-10
610,837,18,2024-04-29
611,947,391,2024-10-09
612,1000,127,2024-11-25
613,613,496,2024-07-09
614,1000,389,2024-03-22
615,427,354,2024-06-28
616,46,288,2024-07-18
617,943,405,2024-09-12
618,484,672,2024-06-24
619,740,724,2025-02-02
620,420,299,2024-12-25
621,449,459,2024-03-13
622,205,765,2024-04-03
623,537,734,2024-12-23
624,359,523,2024-12-20
625,958,812,2024-05-26
626,979,25,2024-11-15
627,820,935,2024-06-07
628,520,523,2024-10-25
629,724,555,2024-07-23
630,943,900,2024-08-29
631,226,191,2024-08-18
632,344,918,2024-11-15
633,208,409,2024-11-23
634,739,731,2025-01-07
635,309,49,2024-06-15
636,598,926,2024-11-02
637,797,211,2024-07-17
638,348,711,2024-06-05
639,551,359,2024-04-09
640,192,283,2024-05-11
641,310,990,2024-03-29
642,984,385,2024-10-18
643,963,157,2024-02-08
644,386,200,2024-02-28
645,295,266,2024-04-02
646,193,375,2024-06-16
647,481,545,2024-10-22
648,706,754,2024-03-25
649,376,604,2024-05-27
650,142,40,2024-08-18
651,332,952,2024-03-28
652,862,634,2024-10-30
653,239,49,2024-09-02
654,610,184,2024-10-24
655,931,273,2024-09-15
656,712,379,2024-07-15
657,609,246,2024-05-28
658,905,96,2024-11-23
659,987,628,2024-10-24
660,262,965,2024-09-05
661,270,604,2024-10-10
662,810,505,2024-08-14
663,834,38,2024-12-25
664,813,62,2024-07-12
665,650,198,2025-01-13
666,7,678,2024-09-14
667,117,911,2024-04-29
668,565,196,2025-01-03
669,962,234,2024-12-05
670,843,295,2024-10-15
671,952,239,2024-10-24
672,185,116,2024-11-23
673,144,522,2024-06-11
674,193,688,2024-04-18
675,208,565,2024-09-19
676,65,57,2024-12-17
677,365,187,2024-04-07
678,430,241,2024-07-04
679,265,88,2024-12-18
680,320,757,2024-07-02
681,524,398,2024-10-25
682,477,193,2024-05-15
683,265,869,2024-10-25
684,145,524,2024-11-24
685,592,434,2024-10-24
686,199,797,2024-07-31
687,996,797,2024-04-27
688,402,200,2024-05-18
689,283,644,2024-02-19
690,438,278,2024-05-27
691,439,112,2024-09-06
692,737,293,2024-07-01
693,964,875,2024-06-02
694,890,553,2024-02-23
695,996,959,2024-04-09
696,889,5,2024-10-02
697,848,722,2024-07-27
698,823,221,2024-03-15
699,634,272,2024-05-04
700,661,834,2024-12-23
701,201,672,2025-01-20
702,160,224,2024-12-18
703,488,715,2024-04-11
704,168,479,2024-07-17
705,336,542,2024-08-29
706,262,307,2025-01-16
707,297,423,2024-07-07
708,32,630,2024-09-23
709,189,379,2024-09-08
710,401,940,2025-01-25
711,187,763,2024-09-24
712,772,771,2024-07-14
713,794,249,2024-02-29
714,401,254,2025-01-24
715,397,852,2024-05-10
716,270,297,2024-07-12
717,305,485,2024-05-11
718,342,806,2024-05-16
719,751,87,2024-11-01
720,27,923,2024-05-26
721,868,454,2024-12-24
722,599,171,2024-12-01
723,731,775,2024-09-01
724,3,702,2024-06-03
725,136,232,2024-02-22
726,854,995,2024-11-07
727,336,101,2025-01-03
728,412,726,2024-10-11
729,935,647,2024-06-21
730,795,541,2024-04-25
731,217,111,2024-05-27
732,590,911,2024-09-19
733,991,128,2024-07-29
734,533,400,2024-02-08
735,30,62,2024-05-27
736,530,771,2024-08-08
737,805,572,2024-04-27
738,640,238,2024-12-08
739,353,433,2024-06-09
740,419,888,2024-10-21
741,447,352,2024-04-18
742,441,313,2024-12-10
743,748,631,2024-05-30
744,719,814,2024-12-12
745,616,409,2024-11-08
746,100,991,2025-01-29
747,135,147,2024-03-21
748,316,309,2024-09-23
749,323,398,2024-05-28
750,828,272,2024-12-31
751,355,794,2024-06-30
752,988,21,2024-02-08
753,426,349,2024-02-29
754,210,877,2024-05-19
755,942,677,2024-06-28
756,4,641,2025-01-12
757,23,542,2024-09-13
758,623,818,2024-11-28
759,311,607,2024-12-04
760,521,514,2024-09-27
761,442,106,2024-05-13
762,432,965,2024-08-02
763,697,353,2024-09-02
764,167,249,2024-04-25
765,885,311,2024-11-02
766,358,357,2024-07-29
767,529,322,2024-07-03
768,682,576,2024-03-26
769,670,964,2024-03-23
770,928,61,2025-01-18
771,831,918,2024-05-22
772,920,941,2024-06-04
773,645,335,2024-06-16
774,299,110,2024-08-11
775,12,549,2024-06-23
776,689,829,2024-09-11
777,900,394,2024-12-16
778,253,414,2024-07-19
779,264,572,2025-01-20
780,84,717,2024-05-24
781,617,94,2024-06-24
782,973,950,2024-03-02
783,534,55,2024-08-18
784,58,729,2024-12-18
785,691,399,2024-10-10
786,359,299,2025-01-23
787,322,392,2024-11-09
788,165,693,2024-05-23
789,225,28,2024-11-25
790,17,76,2024-04-11
791,190,263,2025-01-20
792,842,375,2024-02-08
793,138,290,2024-03-07
794,54,943,2024-09-23
795,410,122,2024-04-10
796,833,225,2024-10-08
797,181,239,2024-08-20
798,121,845,2024-06-28
799,695,340,2024-02-11
800,912,120,2024-02-14
801,787,50,2024-09-15
802,671,403,2024-07-01
803,273,517,2024-07-31
804,922,223,2024-09-23
805,594,575,2024-07-22
806,930,850,2024-07-26
807,498,687,2024-02-23
808,661,604,2024-08-26
809,571,496,2025-01-31
810,451,319,2024-06-07
811,80,384,2024-02-15
812,737,721,2025-01-03
813,303,646,2025-01-03
814,576,173,2024-11-23
815,554,453,2024-02-07
816,797,650,2025-01-03
817,718,791,2024-04-23
818,181,198,2024-04-22
819,585,305,2024-03-22
820,640,179,2024-12-20
821,270,826,2025-01-08
822,384,756,2024-03-28
823,141,472,2024-11-23
824,448,402,2024-06-28
825,585,498,2024-08-30
826,878,975,2024-08-12
827,753,687,2024-10-30
828,33,952,2024-08-15
829,854,971,2024-05-30
830,762,181,2024-11-07
831,305,488,2024-03-18
832,463,14,2025-01-28
833,146,802,2024-02-13
834,796,860,2025-01-04
835,691,307,2024-12-19
836,137,238,2024-02-22
837,750,530,2024-08-06
838,869,883,2024-12-26
839,455,232,2024-11-25
840,681,887,2024-08-01
841,671,351,2024-04-17
842,679,447,2024-10-05
843,652,383,2024-02-27
844,761,906,2024-09-29
845,988,132,2024-10-11
846,582,681,2025-01-31
847,916,636,2024-11-09
848,200,779,2024-04-27
849,448,29,2024-09-06
850,846,362,2025-02-05
851,747,782,2024-09-05
852,282,591,2024-04-08
853,385,325,2024-12-06
854,502,712,2024-06-26
855,33,505,2025-01-25
856,279,68,2024-05-16
857,412,128,2025-01-01
858,639,507,2024-02-29
859,734,325,2024-12-04
860,837,702,2024-02-11
861,28,692,2024-07-13
862,852,786,2024-08-16
863,962,317,2024-02-12
864,776,879,2024-10-13
865,560,853,2024-02-13
866,308,930,2024-12-12
867,536,936,2025-01-05
868,32,130,2024-02-07
869,14,812,2024-11-27
870,658,234,2024-09-25
871,213,254,2024-02-20
872,281,263,2024-05-19
873,543,674,2024-10-17
874,442,153,2024-12-07
875,699,849,2024-06-03
876,557,330,2024-08-31
877,169,690,2024-08-17
878,263,259,2024-07-06
879,250,275,2024-11-30
880,16,251,2024-08-18
881,876,532,2024-12-09
882,92,228,2025-02-03
883,362,901,2024-08-10
884,884,114,2024-10-12
885,775,604,2024-05-18
886,440,388,2024-11-09
887,606,329,2024-06-21
888,161,659,2024-11-14
889,793,956,2025-01-24
890,966,694,2024-06-10
891,789,705,2024-03-26
892,440,914,2024-12-15
893,904,141,2024-06-27
894,955,236,2024-08-27
895,143,859,2024-04-13
896,642,367,2024-03-06
897,290,107,2024-05-29
898,398,314,2024-09-24
899,445,879,2024-03-05
900,765,918,2024-09-15
901,516,192,2025-01-18
902,135,372,2025-01-19
903,951,308,2024-04-03
904,811,106,2024-09-03
905,310,896,2024-08-05
906,555,55,2024-04-18
907,735,873,2024-04-06
908,768,545,2024-07-26
909,809,444,2024-04-19
910,443,461,2024-04-17
911,318,254,2024-04-28
912,414,925,2024-03-28
913,164,452,2024-08-06
914,902,414,2024-07-02
915,324,346,2024-05-29
916,192,593,2024-04-11
917,420,274,2024-06-06
918,246,175,2024-11-21
919,825,341,2024-10-16
920,379,585,2024-02-18
921,347,310,2024-05-11
922,702,988,2024-09-20
923,616,795,2025-01-01
924,40,360,2024-06-14
925,980,364,2024-06-22
926,904,438,2024-03-21
927,20,147,2024-02-23
928,833,317,2025-01-15
929,472,766,2024-06-06
930,730,344,2024-04-25
931,898,177,2024-08-20
932,524,754,2024-09-03
933,137,190,2024-11-12
934,734,122,2024-12-14
935,984,801,2024-03-03
936,365,446,2024-04-05
937,557,757,2024-12-19
938,125,822,2024-06-29
939,672,945,2024-08-09
940,378,951,2024-02-08
941,705,406,2025-01-16
942,264,706,2024-07-26
943,773,585,2024-07-16
944,837,138,2024-10-24
945,346,353,2024-07-19
946,76,182,2024-07-08
947,737,857,2024-10-06
948,583,809,2024-09-19
949,881,906,2024-08-26
950,137,695,2024-11-07
951,174,603,2024-06-17
952,448,582,2024-06-05
953,155,365,2024-07-11
954,348,537,2025-01-29
955,464,287,2024-07-07
956,69,410,2025-01-11
957,293,946,2024-06-16
958,141,163,2024-02-24
959,424,489,2024-08-10
960,304,598,2024-06-06
961,670,671,2025-01-31
962,333,188,2024-04-24
963,517,768,2024-05-14
964,999,918,2024-11-08
965,617,776,2024-03-25
966,545,952,2024-11-30
967,758,389,2024-10-18
968,963,978,2024-10-30
969,23,154,2024-08-21
970,912,538,2024-02-09
971,573,866,2024-03-20
972,314,675,2024-08-20
973,559,644,2024-02-12
974,865,495,2024-03-27
975,698,416,2024-12-20
976,230,458,2024-11-27
977,990,448,2024-09-08
978,318,202,2024-09-15
979,320,251,2024-05-04
980,227,286,2024-12-01
981,87,526,2024-12-27
982,211,395,2024-06-02
983,803,939,2024-09-19
984,679,132,2024-12-22
985,21,381,2024-06-01
986,974,173,2024-05-30
987,952,552,2024-10-12
988,277,971,2024-03-25
989,336,533,2024-12-17
990,468,310,2024-09-07
991,330,495,2024-06-03
992,137,803,2024-11-21
993,125,779,2024-11-19
994,93,100,2024-08-01
995,839,247,2024-12-07
996,179,853,2024-09-08
997,612,515,2024-06-19
998,220,680,2025-02-05
999,56,297,2024-03-22
1000,306,165,2024-11-17
