PostHashtagID,PostID,HashtagID
1,520,966
2,572,929
3,413,828
4,746,140
5,556,812
6,251,289
7,894,277
8,800,709
9,838,990
10,370,985
11,52,811
12,198,551
13,292,624
14,408,873
15,13,883
16,255,550
17,45,661
18,433,309
19,102,590
20,667,998
21,490,853
22,631,455
23,998,564
24,264,90
25,842,405
26,662,966
27,694,941
28,959,189
29,651,24
30,52,569
31,256,804
32,515,73
33,972,108
34,364,61
35,108,391
36,258,362
37,656,784
38,749,786
39,383,668
40,196,679
41,905,960
42,902,787
43,244,944
44,780,450
45,150,258
46,206,288
47,328,900
48,454,645
49,216,608
50,225,563
51,845,458
52,2,93
53,730,837
54,787,307
55,26,479
56,836,837
57,323,907
58,195,220
59,194,51
60,258,426
61,37,653
62,359,849
63,116,408
64,52,783
65,86,400
66,786,510
67,275,984
68,319,85
69,148,764
70,821,819
71,476,370
72,902,379
73,875,411
74,694,694
75,236,88
76,866,669
77,330,975
78,562,100
79,768,499
80,104,590
81,450,278
82,859,848
83,776,38
84,401,819
85,818,21
86,282,199
87,407,110
88,459,124
89,966,749
90,822,397
91,375,762
92,787,559
93,617,173
94,812,944
95,804,725
96,75,460
97,663,756
98,987,401
99,505,199
100,525,995
101,801,598
102,752,51
103,762,420
104,691,154
105,522,772
106,458,663
107,981,404
108,117,51
109,306,852
110,819,249
111,134,263
112,590,741
113,897,944
114,689,282
115,813,743
116,596,407
117,237,465
118,638,596
119,998,946
120,622,193
121,254,92
122,298,117
123,399,439
124,875,52
125,761,471
126,609,752
127,173,569
128,491,348
129,458,904
130,491,215
131,150,425
132,294,96
133,67,283
134,334,608
135,577,828
136,958,361
137,943,490
138,621,54
139,182,726
140,488,193
141,184,318
142,563,750
143,462,943
144,170,269
145,731,792
146,220,687
147,60,72
148,364,130
149,707,884
150,476,680
151,833,979
152,806,364
153,14,285
154,237,589
155,613,618
156,627,126
157,280,522
158,145,255
159,426,971
160,934,727
161,43,520
162,631,596
163,292,510
164,676,601
165,710,326
166,460,327
167,509,101
168,363,465
169,138,464
170,696,988
171,968,871
172,879,886
173,455,797
174,224,854
175,289,200
176,924,198
177,980,272
178,49,26
179,582,165
180,97,984
181,703,630
182,635,563
183,326,541
184,660,908
185,750,178
186,259,417
187,69,807
188,331,365
189,906,577
190,356,555
191,816,272
192,115,277
193,318,588
194,654,27
195,887,213
196,715,612
197,707,34
198,206,815
199,340,396
200,513,451
201,175,505
202,643,278
203,165,771
204,388,216
205,638,485
206,172,738
207,913,831
208,728,283
209,865,227
210,218,627
211,613,583
212,287,565
213,879,104
214,684,70
215,927,523
216,189,732
217,591,473
218,159,577
219,913,71
220,751,637
221,8,181
222,999,24
223,131,881
224,504,923
225,493,788
226,409,907
227,49,169
228,248,830
229,257,952
230,111,1
231,519,35
232,243,953
233,391,397
234,811,820
235,550,160
236,451,410
237,129,896
238,992,428
239,902,301
240,43,244
241,13,60
242,915,726
243,900,305
244,53,423
245,52,339
246,92,237
247,542,737
248,35,87
249,840,119
250,123,974
251,660,683
252,368,874
253,289,962
254,920,954
255,465,631
256,976,958
257,755,33
258,312,857
259,545,156
260,967,975
261,663,809
262,347,575
263,52,390
264,374,140
265,956,361
266,707,615
267,684,892
268,860,728
269,44,137
270,164,587
271,354,193
272,140,229
273,834,733
274,241,1
275,871,11
276,844,781
277,214,347
278,38,292
279,261,875
280,269,765
281,90,649
282,200,34
283,732,554
284,597,647
285,431,804
286,355,6
287,322,931
288,101,90
289,141,231
290,662,148
291,362,389
292,206,494
293,289,73
294,551,823
295,517,363
296,729,298
297,935,430
298,791,650
299,602,630
300,267,74
301,201,465
302,227,854
303,368,361
304,222,183
305,867,544
306,506,235
307,738,1000
308,233,171
309,259,8
310,390,305
311,505,115
312,707,663
313,486,473
314,165,821
315,144,915
316,591,105
317,734,654
318,21,600
319,77,851
320,996,592
321,804,562
322,843,603
323,611,430
324,851,623
325,169,784
326,137,544
327,296,138
328,292,505
329,517,322
330,917,137
331,296,730
332,621,630
333,506,2
334,58,791
335,359,124
336,863,309
337,136,105
338,723,672
339,458,1000
340,750,440
341,905,687
342,554,60
343,512,727
344,328,209
345,755,215
346,574,282
347,422,473
348,541,951
349,84,148
350,241,855
351,134,449
352,885,955
353,968,299
354,61,866
355,379,25
356,78,389
357,128,657
358,164,93
359,49,839
360,865,678
361,29,576
362,718,954
363,491,982
364,692,352
365,826,347
366,899,326
367,901,989
368,715,477
369,833,214
370,411,883
371,789,818
372,219,835
373,674,12
374,195,682
375,536,852
376,40,363
377,146,840
378,846,321
379,944,826
380,43,351
381,326,667
382,738,530
383,11,164
384,827,673
385,990,691
386,672,512
387,211,393
388,227,850
389,624,447
390,210,273
391,327,894
392,351,525
393,660,223
394,528,413
395,890,641
396,222,302
397,474,346
398,265,51
399,236,138
400,916,5
401,442,240
402,77,951
403,468,600
404,706,636
405,988,128
406,953,17
407,142,791
408,912,243
409,499,22
410,242,69
411,345,86
412,802,558
413,928,886
414,795,881
415,885,523
416,5,913
417,127,369
418,412,259
419,178,35
420,442,487
421,929,165
422,319,704
423,881,339
424,1000,806
425,846,404
426,827,809
427,341,603
428,380,1000
429,753,703
430,192,668
431,549,843
432,332,254
433,231,98
434,729,975
435,214,807
436,906,117
437,656,501
438,1000,550
439,485,749
440,690,620
441,791,362
442,525,390
443,842,508
444,599,496
445,714,348
446,683,788
447,71,8
448,964,178
449,879,892
450,913,525
451,766,482
452,150,386
453,6,158
454,243,317
455,712,668
456,947,895
457,378,613
458,339,446
459,580,37
460,505,29
461,86,954
462,908,119
463,840,908
464,879,605
465,230,124
466,31,764
467,442,976
468,820,231
469,58,333
470,738,72
471,899,281
472,636,423
473,943,563
474,322,949
475,99,68
476,689,27
477,46,605
478,210,608
479,906,970
480,213,631
481,879,549
482,751,846
483,245,480
484,67,180
485,277,650
486,226,537
487,997,14
488,267,108
489,373,601
490,286,440
491,60,913
492,714,180
493,661,972
494,237,996
495,827,308
496,364,404
497,65,24
498,855,984
499,686,228
500,411,768
501,488,982
502,281,198
503,270,599
504,419,202
505,872,825
506,592,825
507,290,103
508,830,407
509,497,109
510,939,818
511,698,77
512,934,409
513,463,926
514,355,996
515,555,122
516,586,580
517,197,222
518,461,626
519,808,201
520,18,555
521,889,548
522,25,736
523,635,495
524,807,426
525,610,851
526,1,218
527,603,960
528,35,647
529,325,764
530,839,303
531,945,839
532,948,393
533,470,178
534,399,635
535,689,221
536,511,109
537,104,48
538,865,959
539,785,350
540,603,908
541,723,326
542,136,833
543,732,810
544,575,892
545,146,995
546,178,431
547,624,387
548,485,662
549,634,532
550,311,368
551,998,700
552,924,292
553,538,808
554,137,582
555,714,466
556,196,628
557,66,981
558,757,370
559,513,642
560,422,368
561,644,158
562,697,60
563,375,500
564,660,180
565,633,884
566,232,805
567,552,864
568,802,5
569,264,884
570,926,445
571,531,72
572,247,82
573,435,376
574,592,488
575,348,1
576,748,668
577,65,642
578,538,988
579,936,596
580,16,67
581,408,321
582,552,176
583,951,762
584,124,442
585,173,303
586,566,605
587,804,417
588,820,77
589,197,30
590,718,46
591,659,238
592,168,285
593,457,164
594,83,24
595,961,127
596,757,247
597,450,583
598,39,836
599,896,163
600,784,856
601,814,719
602,663,379
603,270,666
604,876,200
605,84,859
606,174,842
607,188,283
608,796,663
609,352,763
610,706,737
611,638,255
612,860,592
613,661,704
614,152,717
615,119,505
616,819,633
617,904,24
618,781,476
619,586,447
620,136,653
621,24,156
622,801,157
623,195,425
624,971,767
625,932,92
626,344,16
627,174,89
628,314,395
629,256,822
630,454,727
631,724,758
632,746,159
633,440,564
634,563,834
635,627,254
636,198,36
637,265,717
638,993,898
639,168,767
640,113,742
641,17,757
642,768,525
643,468,862
644,283,711
645,566,259
646,679,338
647,89,596
648,176,923
649,74,268
650,634,731
651,983,963
652,835,123
653,380,16
654,278,53
655,468,648
656,223,527
657,201,672
658,794,819
659,886,190
660,52,591
661,917,133
662,146,427
663,857,807
664,57,335
665,115,277
666,996,509
667,898,827
668,251,480
669,778,140
670,93,176
671,784,822
672,583,405
673,241,528
674,596,786
675,855,934
676,377,161
677,795,252
678,301,519
679,264,376
680,346,183
681,871,496
682,270,946
683,634,380
684,665,666
685,430,459
686,805,497
687,496,664
688,122,386
689,986,145
690,402,344
691,513,598
692,53,282
693,317,776
694,315,414
695,329,548
696,521,314
697,460,82
698,900,613
699,724,799
700,680,818
701,867,342
702,522,369
703,32,962
704,817,541
705,848,205
706,348,219
707,955,744
708,1000,844
709,994,597
710,470,289
711,321,286
712,522,802
713,237,268
714,940,951
715,384,914
716,329,14
717,807,475
718,90,789
719,908,998
720,715,423
721,393,391
722,747,155
723,605,850
724,376,135
725,94,207
726,600,590
727,531,364
728,504,52
729,655,657
730,57,479
731,563,739
732,668,950
733,897,383
734,500,831
735,686,996
736,511,3
737,549,726
738,632,21
739,671,139
740,549,223
741,153,248
742,717,64
743,788,552
744,706,500
745,958,268
746,244,131
747,847,201
748,951,848
749,730,333
750,263,402
751,790,660
752,508,936
753,753,491
754,116,578
755,813,181
756,41,931
757,208,637
758,260,514
759,101,746
760,936,66
761,984,884
762,574,95
763,649,341
764,334,985
765,50,690
766,240,326
767,163,164
768,631,963
769,378,178
770,585,14
771,310,726
772,528,567
773,634,783
774,864,958
775,322,736
776,850,731
777,964,598
778,144,390
779,706,196
780,895,24
781,808,583
782,318,647
783,916,415
784,457,349
785,601,339
786,738,651
787,518,121
788,650,136
789,86,505
790,931,263
791,153,377
792,516,945
793,910,578
794,957,93
795,709,873
796,412,524
797,204,639
798,357,613
799,699,73
800,64,137
801,624,560
802,932,647
803,586,342
804,491,317
805,566,899
806,374,197
807,104,475
808,915,67
809,120,250
810,788,123
811,187,501
812,260,836
813,468,105
814,877,616
815,191,819
816,906,320
817,140,921
818,185,445
819,196,695
820,309,158
821,660,600
822,220,944
823,5,554
824,531,386
825,67,909
826,727,535
827,315,274
828,314,519
829,764,428
830,240,129
831,898,840
832,350,52
833,823,977
834,275,277
835,864,74
836,899,481
837,437,916
838,844,223
839,80,879
840,129,611
841,615,389
842,617,636
843,811,276
844,749,118
845,753,432
846,405,408
847,27,386
848,652,797
849,645,971
850,145,262
851,119,614
852,681,878
853,500,997
854,317,958
855,29,131
856,812,701
857,742,855
858,987,259
859,784,707
860,448,3
861,653,157
862,923,538
863,724,585
864,142,604
865,43,474
866,43,96
867,817,906
868,631,610
869,144,978
870,794,800
871,956,393
872,784,666
873,801,92
874,671,852
875,735,622
876,167,356
877,485,761
878,869,516
879,302,250
880,43,128
881,548,207
882,810,582
883,287,679
884,995,175
885,57,901
886,923,761
887,409,217
888,331,307
889,120,990
890,106,387
891,425,479
892,135,437
893,928,140
894,641,526
895,626,782
896,333,762
897,412,277
898,182,465
899,826,31
900,796,940
901,843,545
902,326,955
903,259,555
904,729,897
905,805,989
906,745,828
907,731,636
908,444,784
909,566,926
910,1,708
911,89,482
912,924,379
913,771,251
914,87,589
915,796,128
916,306,284
917,877,55
918,495,975
919,754,138
920,508,964
921,526,631
922,134,743
923,530,837
924,936,811
925,224,723
926,556,765
927,224,647
928,381,836
929,340,5
930,609,170
931,346,456
932,106,859
933,201,268
934,863,38
935,243,982
936,663,44
937,325,973
938,187,762
939,207,115
940,167,833
941,319,789
942,908,494
943,725,313
944,133,554
945,648,362
946,845,527
947,312,735
948,420,871
949,974,504
950,463,258
951,996,262
952,488,922
953,866,338
954,337,515
955,543,540
956,658,1000
957,261,749
958,21,812
959,148,992
960,16,195
961,198,586
962,614,485
963,100,537
964,921,327
965,932,654
966,998,868
967,226,398
968,527,205
969,119,724
970,793,756
971,286,191
972,559,260
973,419,323
974,527,746
975,434,567
976,256,282
977,9,921
978,384,475
979,155,943
980,216,730
981,675,400
982,244,956
983,894,692
984,851,525
985,210,286
986,749,515
987,410,81
988,190,819
989,389,69
990,416,59
991,644,148
992,54,920
993,90,292
994,124,926
995,974,144
996,72,842
997,823,1
998,60,449
999,150,169
1000,265,262
